Workbook

Sheet Transactions
A1: Transactional Dataset
A2: Base data used by every formula sheet in this workbook
A4: Order ID | B4: Order Date | C4: Customer Name | D4: Region | E4: Category | F4: Product | G4: Quantity | H4: Unit Price | I4: Amount | J4: Payment Status
A5: ORD-1001 | B5: 2026-08-01 | C5: rahul sharma | D5: North | E5: Electronics | F5: Wireless Mouse | G5: 3 | H5: 499 | I5: =G5*H5 -> 1497 | J5: Paid
A6: ORD-1002 | B6: 2026-08-02 | C6: priya Verma | D6: South | E6: Stationery | F6: Notebook Pack | G6: 10 | H6: 60 | I6: =G6*H6 -> 600 | J6: Pending
A7: ORD-1003 | B7: 2026-08-03 | C7: AMIT Singh | D7: West | E7: Electronics | F7: USB Cable | G7: 5 | H7: 150 | I7: =G7*H7 -> 750 | J7: Paid
A8: ORD-1004 | B8: 2026-08-04 | C8: sneha Iyer | D8: East | E8: Furniture | F8: Office Chair | G8: 1 | H8: 4500 | I8: =G8*H8 -> 4500 | J8: Paid
A9: ORD-1005 | B9: 2026-08-05 | C9: vikram rao | D9: North | E9: Electronics | F9: Keyboard | G9: 2 | H9: 899 | I9: =G9*H9 -> 1798 | J9: Failed
A10: ORD-1006 | B10: 2026-08-06 | C10: Kavya Nair | D10: South | E10: Stationery | F10: Sketch Pens | G10: 8 | H10: 45 | I10: =G10*H10 -> 360 | J10: Paid
A11: ORD-1007 | B11: 2026-08-07 | C11: Rohit Mehta | D11: West | E11: Furniture | F11: Bookshelf | G11: 1 | H11: 3200 | I11: =G11*H11 -> 3200 | J11: Pending
A12: ORD-1008 | B12: 2026-08-08 | C12: anjali Gupta | D12: East | E12: Electronics | F12: Wireless Mouse | G12: 4 | H12: 499 | I12: =G12*H12 -> 1996 | J12: Paid
A13: ORD-1009 | B13: 2026-08-09 | C13: Karan Malhotra | D13: North | E13: Stationery | F13: Notebook Pack | G13: 6 | H13: 60 | I13: =G13*H13 -> 360 | J13: Paid
A14: ORD-1010 | B14: 2026-08-10 | C14: Divya Pillai | D14: South | E14: Furniture | F14: Office Chair | G14: 2 | H14: 4500 | I14: =G14*H14 -> 9000 | J14: Failed
A15: ORD-1011 | B15: 2026-08-11 | C15: Suresh Kumar | D15: West | E15: Electronics | F15: USB Cable | G15: 12 | H15: 150 | I15: =G15*H15 -> 1800 | J15: Paid
A16: ORD-1012 | B16: 2026-08-12 | C16: Neha Joshi | D16: East | E16: Stationery | F16: Sketch Pens | G16: 15 | H16: 45 | I16: =G16*H16 -> 675 | J16: Paid
... A19: ORD-1015 | B19: 2026-08-15 | C19: Farhan Ali | D19: West | E19: Electronics | F19: Wireless Mouse | G19: 7 | H19: 499 | I19: =G19*H19 -> 3493 | J19: Paid
A21: Note: Customer Name column has intentional messy spacing/casing so it can be cleaned in the Text Functions sheet.

Sheet Price_List
A1: Product Reference Table
A2: Lookup table used by VLOOKUP and INDEX/MATCH examples
A4: Product | B4: Category | C4: Unit Price | D4: Reorder Level
A5: Wireless Mouse | B5: Electronics | C5: 499 | D5: 20
A6: USB Cable | B6: Electronics | C6: 150 | D6: 30
A7: Keyboard | B7: Electronics | C7: 899 | D7: 15
A8: Notebook Pack | B8: Stationery | C8: 60 | D8: 50
A9: Sketch Pens | B9: Stationery | C9: 45 | D9: 40
A10: Office Chair | B10: Furniture | C10: 4500 | D10: 5
A11: Bookshelf | B11: Furniture | C11: 3200 | D11: 8

Sheet VLOOKUP_demo
A1: VLOOKUP
A2: Look up a value from the FIRST column of a table and pull an adjacent column
A4: Product (input) | B4: Category (VLOOKUP) | C4: Unit Price (VLOOKUP) | D4: Reorder Level (VLOOKUP)
A5: Wireless Mouse | B5: =VLOOKUP(A5,Price_List!$A$5:$D$11,2,FALSE()) -> Electronics | C5: =VLOOKUP(A5,Price_List!$A$5:$D$11,3,FALSE()) -> 499 | D5: =VLOOKUP(A5,Price_List!$A$5:$D$11,4,FALSE()) -> 20
A6: Office Chair | B6: =VLOOKUP(A6,Price_List!$A$5:$D$11,2,FALSE()) -> Furniture | C6: =VLOOKUP(A6,Price_List!$A$5:$D$11,3,FALSE()) -> 4500 | D6: =VLOOKUP(A6,Price_List!$A$5:$D$11,4,FALSE()) -> 5
A7: Sketch Pens | B7: =VLOOKUP(A7,Price_List!$A$5:$D$11,2,FALSE()) -> Stationery | C7: =VLOOKUP(A7,Price_List!$A$5:$D$11,3,FALSE()) -> 45 | D7: =VLOOKUP(A7,Price_List!$A$5:$D$11,4,FALSE()) -> 40
A8: Bookshelf | B8: =VLOOKUP(A8,Price_List!$A$5:$D$11,2,FALSE()) -> Furniture | C8: =VLOOKUP(A8,Price_List!$A$5:$D$11,3,FALSE()) -> 3200 | D8: =VLOOKUP(A8,Price_List!$A$5:$D$11,4,FALSE()) -> 8
A9: Keyboard | B9: =VLOOKUP(A9,Price_List!$A$5:$D$11,2,FALSE()) -> Electronics | C9: =VLOOKUP(A9,Price_List!$A$5:$D$11,3,FALSE()) -> 899 | D9: =VLOOKUP(A9,Price_List!$A$5:$D$11,4,FALSE()) -> 15
A12: When to use: the lookup value must sit in the LEFTMOST column of the table, and you always need the exact FALSE match for transactional data.

Sheet INDEX_MATCH_demo
A1: INDEX + MATCH (modern XLOOKUP-style lookup)
A2: Works left-to-right AND right-to-left, unlike VLOOKUP. This is what real analysts use in place of XLOOKUP when a workbook must stay compatible everywhere.
A4: Product (input) | B4: Category (INDEX/MATCH) | C4: Unit Price (INDEX/MATCH)
A5: Wireless Mouse | B5: =INDEX(Price_List!$B$5:$B$11,MATCH(A5,Price_List!$A$5:$A$11,0)) -> Electronics | C5: =INDEX(Price_List!$C$5:$C$11,MATCH(A5,Price_List!$A$5:$A$11,0)) -> 499
A6: Office Chair | B6: =INDEX(Price_List!$B$5:$B$11,MATCH(A6,Price_List!$A$5:$A$11,0)) -> Furniture | C6: =INDEX(Price_List!$C$5:$C$11,MATCH(A6,Price_List!$A$5:$A$11,0)) -> 4500
A7: Sketch Pens | B7: =INDEX(Price_List!$B$5:$B$11,MATCH(A7,Price_List!$A$5:$A$11,0)) -> Stationery | C7: =INDEX(Price_List!$C$5:$C$11,MATCH(A7,Price_List!$A$5:$A$11,0)) -> 45
A8: Bookshelf | B8: =INDEX(Price_List!$B$5:$B$11,MATCH(A8,Price_List!$A$5:$A$11,0)) -> Furniture | C8: =INDEX(Price_List!$C$5:$C$11,MATCH(A8,Price_List!$A$5:$A$11,0)) -> 3200
A9: Keyboard | B9: =INDEX(Price_List!$B$5:$B$11,MATCH(A9,Price_List!$A$5:$A$11,0)) -> Electronics | C9: =INDEX(Price_List!$C$5:$C$11,MATCH(A9,Price_List!$A$5:$A$11,0)) -> 899
A11: When to use: MATCH finds the row position, INDEX pulls the value from any column (even to the LEFT of the lookup column). More flexible than VLOOKUP and the safest equivalent to XLOOKUP for files that must open correctly in every spreadsheet app.

Sheet IF_demo
A1: IF / Nested IF
A2: Classify each order using simple and nested logic
A4: Order ID | B4: Amount | C4: Payment Status | D4: High Value? (IF) | E4: Order Tier (Nested IF)
A5: =Transactions!A5 -> ORD-1001 | B5: =Transactions!I5 -> 1497 | C5: =Transactions!J5 -> Paid | D5: =IF(B5>=2000,"Yes","No") -> No | E5: =IF(B5>=2000,"Large",IF(B5>=500,"Medium","Small")) -> Medium
A6: =Transactions!A6 -> ORD-1002 | B6: =Transactions!I6 -> 600 | C6: =Transactions!J6 -> Pending | D6: =IF(B6>=2000,"Yes","No") -> No | E6: =IF(B6>=2000,"Large",IF(B6>=500,"Medium","Small")) -> Medium
A7: =Transactions!A7 -> ORD-1003 | B7: =Transactions!I7 -> 750 | C7: =Transactions!J7 -> Paid | D7: =IF(B7>=2000,"Yes","No") -> No | E7: =IF(B7>=2000,"Large",IF(B7>=500,"Medium","Small")) -> Medium
A8: =Transactions!A8 -> ORD-1004 | B8: =Transactions!I8 -> 4500 | C8: =Transactions!J8 -> Paid | D8: =IF(B8>=2000,"Yes","No") -> Yes | E8: =IF(B8>=2000,"Large",IF(B8>=500,"Medium","Small")) -> Large
A9: =Transactions!A9 -> ORD-1005 | B9: =Transactions!I9 -> 1798 | C9: =Transactions!J9 -> Failed | D9: =IF(B9>=2000,"Yes","No") -> No | E9: =IF(B9>=2000,"Large",IF(B9>=500,"Medium","Small")) -> Medium
A10: =Transactions!A10 -> ORD-1006 | B10: =Transactions!I10 -> 360 | C10: =Transactions!J10 -> Paid | D10: =IF(B10>=2000,"Yes","No") -> No | E10: =IF(B10>=2000,"Large",IF(B10>=500,"Medium","Small")) -> Small
A11: =Transactions!A11 -> ORD-1007 | B11: =Transactions!I11 -> 3200 | C11: =Transactions!J11 -> Pending | D11: =IF(B11>=2000,"Yes","No") -> Yes | E11: =IF(B11>=2000,"Large",IF(B11>=500,"Medium","Small")) -> Large
A12: =Transactions!A12 -> ORD-1008 | B12: =Transactions!I12 -> 1996 | C12: =Transactions!J12 -> Paid | D12: =IF(B12>=2000,"Yes","No") -> No | E12: =IF(B12>=2000,"Large",IF(B12>=500,"Medium","Small")) -> Medium
A13: =Transactions!A13 -> ORD-1009 | B13: =Transactions!I13 -> 360 | C13: =Transactions!J13 -> Paid | D13: =IF(B13>=2000,"Yes","No") -> No | E13: =IF(B13>=2000,"Large",IF(B13>=500,"Medium","Small")) -> Small
A14: =Transactions!A14 -> ORD-1010 | B14: =Transactions!I14 -> 9000 | C14: =Transactions!J14 -> Failed | D14: =IF(B14>=2000,"Yes","No") -> Yes | E14: =IF(B14>=2000,"Large",IF(B14>=500,"Medium","Small")) -> Large
A15: =Transactions!A15 -> ORD-1011 | B15: =Transactions!I15 -> 1800 | C15: =Transactions!J15 -> Paid | D15: =IF(B15>=2000,"Yes","No") -> No | E15: =IF(B15>=2000,"Large",IF(B15>=500,"Medium","Small")) -> Medium
A16: =Transactions!A16 -> ORD-1012 | B16: =Transactions!I16 -> 675 | C16: =Transactions!J16 -> Paid | D16: =IF(B16>=2000,"Yes","No") -> No | E16: =IF(B16>=2000,"Large",IF(B16>=500,"Medium","Small")) -> Medium
... A19: =Transactions!A19 -> ORD-1015 | B19: =Transactions!I19 -> 3493 | C19: =Transactions!J19 -> Paid | D19: =IF(B19>=2000,"Yes","No") -> Yes | E19: =IF(B19>=2000,"Large",IF(B19>=500,"Medium","Small")) -> Large
A21: When to use: plain IF for a single yes/no rule. Nest IFs only 2-3 levels deep for a small number of tiers/bands; beyond that prefer IFS or a lookup table.

Sheet SUMIFS_COUNTIFS_demo
A1: SUMIFS & COUNTIFS
A2: Aggregate the transactional data with multiple conditions
A4: By Region
A5: Region | B5: Total Sales (SUMIFS) | C5: Order Count (COUNTIFS)
A6: North | B6: =SUMIFS(Transactions!$I$5:$I$19,Transactions!$D$5:$D$19,A6) -> 4554 | C6: =COUNTIFS(Transactions!$D$5:$D$19,A6) -> 4
A7: South | B7: =SUMIFS(Transactions!$I$5:$I$19,Transactions!$D$5:$D$19,A7) -> 19560 | C7: =COUNTIFS(Transactions!$D$5:$D$19,A7) -> 4
A8: East | B8: =SUMIFS(Transactions!$I$5:$I$19,Transactions!$D$5:$D$19,A8) -> 7171 | C8: =COUNTIFS(Transactions!$D$5:$D$19,A8) -> 3
A9: West | B9: =SUMIFS(Transactions!$I$5:$I$19,Transactions!$D$5:$D$19,A9) -> 9243 | C9: =COUNTIFS(Transactions!$D$5:$D$19,A9) -> 4
A11: By Category + Payment Status (multi-condition)
A12: Category | B12: Status | C12: Total Sales (SUMIFS) | D12: Order Count (COUNTIFS)
A13: Electronics | B13: Paid | C13: =SUMIFS(Transactions!$I$5:$I$19,Transactions!$E$5:$E$19,A13,Transactions!$J$5:$J$19,B13) -> 9536 | D13: =COUNTIFS(Transactions!$E$5:$E$19,A13,Transactions!$J$5:$J$19,B13) -> 5
A14: Stationery | B14: Paid | C14: =SUMIFS(Transactions!$I$5:$I$19,Transactions!$E$5:$E$19,A14,Transactions!$J$5:$J$19,B14) -> 1395 | D14: =COUNTIFS(Transactions!$E$5:$E$19,A14,Transactions!$J$5:$J$19,B14) -> 3
A15: Furniture | B15: Pending | C15: =SUMIFS(Transactions!$I$5:$I$19,Transactions!$E$5:$E$19,A15,Transactions!$J$5:$J$19,B15) -> 3200 | D15: =COUNTIFS(Transactions!$E$5:$E$19,A15,Transactions!$J$5:$J$19,B15) -> 1
A16: Electronics | B16: Failed | C16: =SUMIFS(Transactions!$I$5:$I$19,Transactions!$E$5:$E$19,A16,Transactions!$J$5:$J$19,B16) -> 1798 | D16: =COUNTIFS(Transactions!$E$5:$E$19,A16,Transactions!$J$5:$J$19,B16) -> 1
A18: When to use: SUMIFS/COUNTIFS handle ANY number of AND conditions across columns. Faster and clearer than SUMPRODUCT for simple AND logic; use SUMPRODUCT only for OR logic or array math.

Sheet TEXT_functions_demo
A1: Text Functions
A2: Clean and reshape the messy Customer Name column
A4: Raw Name | B4: TRIM | C4: PROPER | D4: UPPER | E4: First Name (LEFT+FIND) | F4: Last Name (MID/RIGHT+FIND) | G4: Initials (custom)
A5: =Transactions!C5 -> rahul sharma | B5: =TRIM(A5) -> rahul sharma | C5: =PROPER(TRIM(A5)) -> Rahul Sharma | D5: =UPPER(TRIM(A5)) -> RAHUL SHARMA | E5: =LEFT(B5,FIND(" ",B5)-1) -> rahul | F5: =MID(B5,FIND(" ",B5)+1,LEN(B5)) -> sharma | G5: =UPPER(LEFT(E5,1))&"."&UPPER(LEFT(F5,1))&"." -> R.S.
A6: =Transactions!C6 -> priya Verma | B6: =TRIM(A6) -> priya Verma | C6: =PROPER(TRIM(A6)) -> Priya Verma | D6: =UPPER(TRIM(A6)) -> PRIYA VERMA | E6: =LEFT(B6,FIND(" ",B6)-1) -> priya | F6: =MID(B6,FIND(" ",B6)+1,LEN(B6)) -> Verma | G6: =UPPER(LEFT(E6,1))&"."&UPPER(LEFT(F6,1))&"." -> P.V.
A7: =Transactions!C7 -> AMIT Singh | B7: =TRIM(A7) -> AMIT Singh | C7: =PROPER(TRIM(A7)) -> Amit Singh | D7: =UPPER(TRIM(A7)) -> AMIT SINGH | E7: =LEFT(B7,FIND(" ",B7)-1) -> AMIT | F7: =MID(B7,FIND(" ",B7)+1,LEN(B7)) -> Singh | G7: =UPPER(LEFT(E7,1))&"."&UPPER(LEFT(F7,1))&"." -> A.S.
A8: =Transactions!C8 -> sneha Iyer | B8: =TRIM(A8) -> sneha Iyer | C8: =PROPER(TRIM(A8)) -> Sneha Iyer | D8: =UPPER(TRIM(A8)) -> SNEHA IYER | E8: =LEFT(B8,FIND(" ",B8)-1) -> sneha | F8: =MID(B8,FIND(" ",B8)+1,LEN(B8)) -> Iyer | G8: =UPPER(LEFT(E8,1))&"."&UPPER(LEFT(F8,1))&"." -> S.I.
A9: =Transactions!C9 -> vikram rao | B9: =TRIM(A9) -> vikram rao | C9: =PROPER(TRIM(A9)) -> Vikram Rao | D9: =UPPER(TRIM(A9)) -> VIKRAM RAO | E9: =LEFT(B9,FIND(" ",B9)-1) -> vikram | F9: =MID(B9,FIND(" ",B9)+1,LEN(B9)) -> rao | G9: =UPPER(LEFT(E9,1))&"."&UPPER(LEFT(F9,1))&"." -> V.R.
A10: =Transactions!C10 -> Kavya Nair | B10: =TRIM(A10) -> Kavya Nair | C10: =PROPER(TRIM(A10)) -> Kavya Nair | D10: =UPPER(TRIM(A10)) -> KAVYA NAIR | E10: =LEFT(B10,FIND(" ",B10)-1) -> Kavya | F10: =MID(B10,FIND(" ",B10)+1,LEN(B10)) -> Nair | G10: =UPPER(LEFT(E10,1))&"."&UPPER(LEFT(F10,1))&"." -> K.N.
A11: =Transactions!C11 -> Rohit Mehta | B11: =TRIM(A11) -> Rohit Mehta | C11: =PROPER(TRIM(A11)) -> Rohit Mehta | D11: =UPPER(TRIM(A11)) -> ROHIT MEHTA | E11: =LEFT(B11,FIND(" ",B11)-1) -> Rohit | F11: =MID(B11,FIND(" ",B11)+1,LEN(B11)) -> Mehta | G11: =UPPER(LEFT(E11,1))&"."&UPPER(LEFT(F11,1))&"." -> R.M.
A12: =Transactions!C12 -> anjali Gupta | B12: =TRIM(A12) -> anjali Gupta | C12: =PROPER(TRIM(A12)) -> Anjali Gupta | D12: =UPPER(TRIM(A12)) -> ANJALI GUPTA | E12: =LEFT(B12,FIND(" ",B12)-1) -> anjali | F12: =MID(B12,FIND(" ",B12)+1,LEN(B12)) -> Gupta | G12: =UPPER(LEFT(E12,1))&"."&UPPER(LEFT(F12,1))&"." -> A.G.
A13: =Transactions!C13 -> Karan Malhotra | B13: =TRIM(A13) -> Karan Malhotra | C13: =PROPER(TRIM(A13)) -> Karan Malhotra | D13: =UPPER(TRIM(A13)) -> KARAN MALHOTRA | E13: =LEFT(B13,FIND(" ",B13)-1) -> Karan | F13: =MID(B13,FIND(" ",B13)+1,LEN(B13)) -> Malhotra | G13: =UPPER(LEFT(E13,1))&"."&UPPER(LEFT(F13,1))&"." -> K.M.
A14: =Transactions!C14 -> Divya Pillai | B14: =TRIM(A14) -> Divya Pillai | C14: =PROPER(TRIM(A14)) -> Divya Pillai | D14: =UPPER(TRIM(A14)) -> DIVYA PILLAI | E14: =LEFT(B14,FIND(" ",B14)-1) -> Divya | F14: =MID(B14,FIND(" ",B14)+1,LEN(B14)) -> Pillai | G14: =UPPER(LEFT(E14,1))&"."&UPPER(LEFT(F14,1))&"." -> D.P.
A15: =Transactions!C15 -> Suresh Kumar | B15: =TRIM(A15) -> Suresh Kumar | C15: =PROPER(TRIM(A15)) -> Suresh Kumar | D15: =UPPER(TRIM(A15)) -> SURESH KUMAR | E15: =LEFT(B15,FIND(" ",B15)-1) -> Suresh | F15: =MID(B15,FIND(" ",B15)+1,LEN(B15)) -> Kumar | G15: =UPPER(LEFT(E15,1))&"."&UPPER(LEFT(F15,1))&"." -> S.K.
A16: =Transactions!C16 -> Neha Joshi | B16: =TRIM(A16) -> Neha Joshi | C16: =PROPER(TRIM(A16)) -> Neha Joshi | D16: =UPPER(TRIM(A16)) -> NEHA JOSHI | E16: =LEFT(B16,FIND(" ",B16)-1) -> Neha | F16: =MID(B16,FIND(" ",B16)+1,LEN(B16)) -> Joshi | G16: =UPPER(LEFT(E16,1))&"."&UPPER(LEFT(F16,1))&"." -> N.J.
... A19: =Transactions!C19 -> Farhan Ali | B19: =TRIM(A19) -> Farhan Ali | C19: =PROPER(TRIM(A19)) -> Farhan Ali | D19: =UPPER(TRIM(A19)) -> FARHAN ALI | E19: =LEFT(B19,FIND(" ",B19)-1) -> Farhan | F19: =MID(B19,FIND(" ",B19)+1,LEN(B19)) -> Ali | G19: =UPPER(LEFT(E19,1))&"."&UPPER(LEFT(F19,1))&"." -> F.A.
A21: When to use: TRIM removes stray spaces (common Excel import issue), PROPER/UPPER fix casing, and LEFT/MID/FIND split a full name into parts by locating the space character.

Sheet Notes
A1: Short Notes: When To Use Each Formula
A2: Deliverable 2 - quick reference cheat sheet
A4: Function | B4: Use it when... | C4: Watch out for
A5: VLOOKUP | B5: You need one value from a table and the lookup column is the LEFTMOST column. | C5: Breaks if columns are inserted/reordered; always use FALSE for exact match.
A6: INDEX + MATCH | B6: You need a lookup that can pull data from any column (left or right) or a two-way lookup. | C6: Slightly more setup than VLOOKUP, but far more flexible and column-order safe.
A7: IF | B7: You need a single yes/no or two-outcome decision based on one condition. | C7: Nesting more than 2-3 IFs gets hard to read - use IFS or a lookup table instead.
A8: SUMIFS | B8: You need to total a column while filtering on one or more other columns (AND logic). | C8: All ranges must be the same size/shape as the sum range.
A9: COUNTIFS | B9: You need to count rows matching one or more conditions. | C9: Text matches are case-insensitive; use exact same range sizes as SUMIFS.
A10: TRIM | B10: Data imported from another system has extra/leading/trailing spaces. | C10: Only removes single extra spaces between words plus outer spaces, not tabs/line breaks.
A11: PROPER / UPPER / LOWER | B11: You need consistent capitalization for names, IDs, or codes. | C11: Run TRIM first, or spacing issues carry through.
A12: LEFT / MID / RIGHT / FIND | B12: You need to split or extract part of a text string (e.g. first vs last name). | C12: FIND is case-sensitive and errors if the character (like a space) isn't present - wrap in IFERROR for safety.
